-- ============================================
-- Foggy Dataset Model SQLite 测试数据生成
-- 文件: 03-test-data.sql
-- 说明: SQLite 简化版测试数据
-- ============================================

-- 1. 渠道维度数据
INSERT INTO dim_channel (channel_id, channel_name, channel_type, platform, status) VALUES
('CHN001', '天猫旗舰店', 'ONLINE', '天猫', 'ACTIVE'),
('CHN002', '京东自营店', 'ONLINE', '京东', 'ACTIVE'),
('CHN003', '拼多多官方店', 'ONLINE', '拼多多', 'ACTIVE'),
('CHN004', '线下直营', 'OFFLINE', '线下门店', 'ACTIVE'),
('CHN005', '微信小程序', 'ONLINE', '微信', 'ACTIVE');

-- 2. 促销活动维度数据
INSERT INTO dim_promotion (promotion_id, promotion_name, promotion_type, discount_rate, start_date, end_date, status) VALUES
('PRM001', '无促销', NULL, 1.00, '2022-01-01', '2099-12-31', 'ACTIVE'),
('PRM002', '新年特惠-全场9折', '折扣', 0.90, '2024-01-01', '2024-01-15', 'ACTIVE'),
('PRM003', '618年中大促', '折扣', 0.75, '2024-06-01', '2024-06-18', 'ACTIVE'),
('PRM004', '双11狂欢节', '满减', NULL, '2024-11-01', '2024-11-11', 'ACTIVE'),
('PRM005', '会员专享日', '折扣', 0.88, '2024-01-01', '2024-12-31', 'ACTIVE');

-- 3. 门店维度数据 (10条)
INSERT INTO dim_store (store_id, store_name, store_type, province, city, district, address, manager_name, open_date, area_sqm, status) VALUES
('STR00001', '杭州西湖店1', '直营', '浙江省', '杭州市', '西湖区', '西湖区某路1号', '店长1', '2020-01-15', 350.00, 'ACTIVE'),
('STR00002', '南京玄武店2', '直营', '江苏省', '南京市', '玄武区', '玄武区某路2号', '店长2', '2020-03-20', 420.00, 'ACTIVE'),
('STR00003', '广州天河店3', '直营', '广东省', '广州市', '天河区', '天河区某路3号', '店长3', '2020-05-10', 380.00, 'ACTIVE'),
('STR00004', '上海浦东店4', '加盟', '上海市', '上海市', '浦东新区', '浦东新区某路4号', '店长4', '2021-01-05', 500.00, 'ACTIVE'),
('STR00005', '北京朝阳店5', '加盟', '北京市', '北京市', '朝阳区', '朝阳区某路5号', '店长5', '2021-06-15', 450.00, 'ACTIVE');

-- 4. 商品维度数据 (50条)
INSERT INTO dim_product (product_id, product_name, category_id, category_name, sub_category_id, sub_category_name, brand, unit_price, unit_cost, status) VALUES
('PRD000001', 'Apple 手机通讯商品1', 'CAT001', '数码电器', 'CAT001001', '手机通讯', 'Apple', 5999.00, 3599.40, 'ACTIVE'),
('PRD000002', '华为 手机通讯商品2', 'CAT001', '数码电器', 'CAT001001', '手机通讯', '华为', 4599.00, 2759.40, 'ACTIVE'),
('PRD000003', '小米 电脑办公商品3', 'CAT001', '数码电器', 'CAT001002', '电脑办公', '小米', 3999.00, 2399.40, 'ACTIVE'),
('PRD000004', '三星 电脑办公商品4', 'CAT001', '数码电器', 'CAT001002', '电脑办公', '三星', 6999.00, 4199.40, 'ACTIVE'),
('PRD000005', '海尔 家用电器商品5', 'CAT001', '数码电器', 'CAT001003', '家用电器', '海尔', 2999.00, 1799.40, 'ACTIVE'),
('PRD000006', 'Nike 男装商品6', 'CAT002', '服装配饰', 'CAT002001', '男装', 'Nike', 599.00, 359.40, 'ACTIVE'),
('PRD000007', 'Adidas 女装商品7', 'CAT002', '服装配饰', 'CAT002002', '女装', 'Adidas', 699.00, 419.40, 'ACTIVE'),
('PRD000008', '优衣库 鞋靴商品8', 'CAT002', '服装配饰', 'CAT002003', '鞋靴', '优衣库', 399.00, 239.40, 'ACTIVE'),
('PRD000009', '乐事 休闲零食商品9', 'CAT003', '食品饮料', 'CAT003001', '休闲零食', '乐事', 19.90, 11.94, 'ACTIVE'),
('PRD000010', '宜家 家具商品10', 'CAT004', '家居日用', 'CAT004001', '家具', '宜家', 1299.00, 779.40, 'ACTIVE');

-- 5. 客户维度数据 (100条)
INSERT INTO dim_customer (customer_id, customer_name, customer_type, gender, age_group, province, city, district, register_date, member_level, status) VALUES
('CUS000001', '客户1', 'VIP', '男', '25-34', '浙江省', '杭州市', '西湖区', '2020-01-10', 'DIAMOND', 'ACTIVE'),
('CUS000002', '客户2', 'VIP', '女', '25-34', '江苏省', '南京市', '玄武区', '2020-02-15', 'PLATINUM', 'ACTIVE'),
('CUS000003', '客户3', 'VIP', '男', '35-44', '广东省', '广州市', '天河区', '2020-03-20', 'GOLD', 'ACTIVE'),
('CUS000004', '客户4', 'NORMAL', '女', '18-24', '上海市', '上海市', '浦东新区', '2021-01-05', 'SILVER', 'ACTIVE'),
('CUS000005', '客户5', 'NORMAL', '男', '45-54', '北京市', '北京市', '朝阳区', '2021-06-15', 'BRONZE', 'ACTIVE'),
('CUS000006', '客户6', 'NORMAL', '女', '25-34', '浙江省', '杭州市', '西湖区', '2022-01-10', 'SILVER', 'ACTIVE'),
('CUS000007', '客户7', 'NEW', '男', '18-24', '江苏省', '南京市', '玄武区', '2023-02-15', 'BRONZE', 'ACTIVE'),
('CUS000008', '客户8', 'NEW', '女', '25-34', '广东省', '广州市', '天河区', '2023-05-20', 'BRONZE', 'ACTIVE'),
('CUS000009', '客户9', 'NEW', '男', '35-44', '上海市', '上海市', '浦东新区', '2023-08-05', 'BRONZE', 'ACTIVE'),
('CUS000010', '客户10', 'NEW', '女', '55+', '北京市', '北京市', '朝阳区', '2024-01-15', 'BRONZE', 'ACTIVE');

-- 6. 日期维度数据 (简化版: 2024年1月)
INSERT INTO dim_date (date_key, full_date, year, quarter, month, month_name, week_of_year, day_of_month, day_of_week, day_name, is_weekend, is_holiday, fiscal_year, fiscal_quarter) VALUES
(20240101, '2024-01-01', 2024, 1, 1, '一月', 1, 1, 1, '星期一', 0, 1, 2024, 1),
(20240102, '2024-01-02', 2024, 1, 1, '一月', 1, 2, 2, '星期二', 0, 0, 2024, 1),
(20240103, '2024-01-03', 2024, 1, 1, '一月', 1, 3, 3, '星期三', 0, 0, 2024, 1),
(20240104, '2024-01-04', 2024, 1, 1, '一月', 1, 4, 4, '星期四', 0, 0, 2024, 1),
(20240105, '2024-01-05', 2024, 1, 1, '一月', 1, 5, 5, '星期五', 0, 0, 2024, 1),
(20240106, '2024-01-06', 2024, 1, 1, '一月', 1, 6, 6, '星期六', 1, 0, 2024, 1),
(20240107, '2024-01-07', 2024, 1, 1, '一月', 1, 7, 7, '星期日', 1, 0, 2024, 1),
(20240108, '2024-01-08', 2024, 1, 1, '一月', 2, 8, 1, '星期一', 0, 0, 2024, 1),
(20240109, '2024-01-09', 2024, 1, 1, '一月', 2, 9, 2, '星期二', 0, 0, 2024, 1),
(20240110, '2024-01-10', 2024, 1, 1, '一月', 2, 10, 3, '星期三', 0, 0, 2024, 1);

-- 7. 订单事实数据 (20条)
INSERT INTO fact_order (order_id, date_key, customer_key, store_key, channel_key, promotion_key, total_quantity, total_amount, discount_amount, freight_amount, pay_amount, order_status, payment_status, order_time) VALUES
('ORD20240101000001', 20240101, 1, 1, 1, 2, 2, 10998.00, 1099.80, 0, 9898.20, 'COMPLETED', 'PAID', '2024-01-01 10:30:00'),
('ORD20240101000002', 20240101, 2, 2, 2, 1, 1, 4599.00, 0, 0, 4599.00, 'COMPLETED', 'PAID', '2024-01-01 14:20:00'),
('ORD20240102000003', 20240102, 3, 3, 1, 1, 3, 1298.00, 0, 0, 1298.00, 'COMPLETED', 'PAID', '2024-01-02 09:15:00'),
('ORD20240102000004', 20240102, 4, 1, 3, 1, 1, 599.00, 0, 10, 609.00, 'SHIPPED', 'PAID', '2024-01-02 16:45:00'),
('ORD20240103000005', 20240103, 5, 2, 2, 2, 2, 6998.00, 699.80, 0, 6298.20, 'PAID', 'PAID', '2024-01-03 11:00:00'),
('ORD20240103000006', 20240103, 6, 3, 4, 1, 1, 2999.00, 0, 0, 2999.00, 'PENDING', 'UNPAID', '2024-01-03 15:30:00'),
('ORD20240104000007', 20240104, 7, 4, 1, 1, 2, 798.00, 0, 10, 808.00, 'COMPLETED', 'PAID', '2024-01-04 10:00:00'),
('ORD20240104000008', 20240104, 8, 5, 5, 5, 1, 1299.00, 155.88, 0, 1143.12, 'COMPLETED', 'PAID', '2024-01-04 14:30:00'),
('ORD20240105000009', 20240105, 9, 1, 2, 1, 1, 19.90, 0, 10, 29.90, 'CANCELLED', 'UNPAID', '2024-01-05 09:00:00'),
('ORD20240105000010', 20240105, 10, 2, 1, 2, 3, 7697.00, 769.70, 0, 6927.30, 'COMPLETED', 'PAID', '2024-01-05 16:00:00');

-- 8. 销售明细数据 (30条)
INSERT INTO fact_sales (order_id, order_line_no, date_key, product_key, customer_key, store_key, channel_key, promotion_key, quantity, unit_price, unit_cost, discount_amount, sales_amount, cost_amount, profit_amount, order_status, payment_method) VALUES
('ORD20240101000001', 1, 20240101, 1, 1, 1, 1, 2, 1, 5999.00, 3599.40, 599.90, 5399.10, 3599.40, 1799.70, 'COMPLETED', 'ALIPAY'),
('ORD20240101000001', 2, 20240101, 2, 1, 1, 1, 2, 1, 4999.00, 2999.40, 499.90, 4499.10, 2999.40, 1499.70, 'COMPLETED', 'ALIPAY'),
('ORD20240101000002', 1, 20240101, 2, 2, 2, 2, 1, 1, 4599.00, 2759.40, 0, 4599.00, 2759.40, 1839.60, 'COMPLETED', 'WECHAT'),
('ORD20240102000003', 1, 20240102, 6, 3, 3, 1, 1, 1, 599.00, 359.40, 0, 599.00, 359.40, 239.60, 'COMPLETED', 'ALIPAY'),
('ORD20240102000003', 2, 20240102, 7, 3, 3, 1, 1, 1, 699.00, 419.40, 0, 699.00, 419.40, 279.60, 'COMPLETED', 'ALIPAY'),
('ORD20240102000004', 1, 20240102, 6, 4, 1, 3, 1, 1, 599.00, 359.40, 0, 599.00, 359.40, 239.60, 'SHIPPED', 'CARD'),
('ORD20240103000005', 1, 20240103, 4, 5, 2, 2, 2, 1, 6999.00, 4199.40, 699.90, 6299.10, 4199.40, 2099.70, 'PAID', 'WECHAT'),
('ORD20240103000006', 1, 20240103, 5, 6, 3, 4, 1, 1, 2999.00, 1799.40, 0, 2999.00, 1799.40, 1199.60, 'PENDING', NULL),
('ORD20240104000007', 1, 20240104, 8, 7, 4, 1, 1, 2, 399.00, 239.40, 0, 798.00, 478.80, 319.20, 'COMPLETED', 'ALIPAY'),
('ORD20240104000008', 1, 20240104, 10, 8, 5, 5, 5, 1, 1299.00, 779.40, 155.88, 1143.12, 779.40, 363.72, 'COMPLETED', 'WECHAT');

-- 9. 支付事实数据
INSERT INTO fact_payment (payment_id, order_id, date_key, customer_key, pay_amount, pay_method, pay_channel, pay_status, pay_time) VALUES
('PAY00000001', 'ORD20240101000001', 20240101, 1, 9898.20, 'ALIPAY', 'APP', 'SUCCESS', '2024-01-01 10:35:00'),
('PAY00000002', 'ORD20240101000002', 20240101, 2, 4599.00, 'WECHAT', 'APP', 'SUCCESS', '2024-01-01 14:25:00'),
('PAY00000003', 'ORD20240102000003', 20240102, 3, 1298.00, 'ALIPAY', 'WEB', 'SUCCESS', '2024-01-02 09:20:00'),
('PAY00000004', 'ORD20240102000004', 20240102, 4, 609.00, 'CARD', 'POS', 'SUCCESS', '2024-01-02 16:50:00'),
('PAY00000005', 'ORD20240103000005', 20240103, 5, 6298.20, 'WECHAT', 'APP', 'SUCCESS', '2024-01-03 11:05:00'),
('PAY00000006', 'ORD20240104000007', 20240104, 7, 808.00, 'ALIPAY', 'APP', 'SUCCESS', '2024-01-04 10:05:00'),
('PAY00000007', 'ORD20240104000008', 20240104, 8, 1143.12, 'WECHAT', 'APP', 'SUCCESS', '2024-01-04 14:35:00'),
('PAY00000008', 'ORD20240105000010', 20240105, 10, 6927.30, 'ALIPAY', 'WEB', 'SUCCESS', '2024-01-05 16:05:00');

-- 10. 退货事实数据
INSERT INTO fact_return (return_id, order_id, order_line_no, date_key, product_key, customer_key, store_key, return_quantity, return_amount, return_reason, return_type, return_status, return_time) VALUES
('RTN00000001', 'ORD20240101000001', 2, 20240105, 2, 1, 1, 1, 4499.10, '不喜欢', 'RETURN_REFUND', 'COMPLETED', '2024-01-05 10:00:00');

-- 11. 库存快照数据
INSERT INTO fact_inventory_snapshot (date_key, product_key, store_key, quantity_on_hand, quantity_reserved, quantity_available, unit_cost, inventory_value) VALUES
(20240101, 1, 1, 100, 10, 90, 3599.40, 359940.00),
(20240101, 2, 1, 80, 5, 75, 2759.40, 220752.00),
(20240101, 3, 2, 50, 3, 47, 2399.40, 119970.00),
(20240101, 4, 2, 30, 2, 28, 4199.40, 125982.00),
(20240101, 5, 3, 60, 5, 55, 1799.40, 107964.00);

-- ============================================
-- 父子维度测试数据 (Parent-Child Dimension)
-- ============================================

-- 12. 团队维度数据（层级结构）
-- 层级结构：
--   总公司 (T001)
--   ├── 技术部 (T002)
--   │   ├── 研发组 (T003)
--   │   │   ├── 前端小组 (T006)
--   │   │   └── 后端小组 (T007)
--   │   └── 测试组 (T004)
--   └── 销售部 (T005)
--       ├── 华东区 (T008)
--       └── 华北区 (T009)

INSERT INTO dim_team (team_id, team_name, parent_id, team_level, manager_name, status) VALUES
('T001', '总公司', NULL, 1, '张总', 'ACTIVE'),
('T002', '技术部', 'T001', 2, '李经理', 'ACTIVE'),
('T003', '研发组', 'T002', 3, '王组长', 'ACTIVE'),
('T004', '测试组', 'T002', 3, '赵组长', 'ACTIVE'),
('T005', '销售部', 'T001', 2, '钱经理', 'ACTIVE'),
('T006', '前端小组', 'T003', 4, '孙组长', 'ACTIVE'),
('T007', '后端小组', 'T003', 4, '周组长', 'ACTIVE'),
('T008', '华东区', 'T005', 3, '吴经理', 'ACTIVE'),
('T009', '华北区', 'T005', 3, '郑经理', 'ACTIVE');

-- 13. 团队闭包表数据（存储所有祖先-后代关系）
-- 每个节点都有到自身的关系(distance=0)，以及到所有祖先的关系
INSERT INTO team_closure (parent_id, team_id, distance) VALUES
-- 总公司 T001 的关系
('T001', 'T001', 0),  -- T001 -> T001 (自身)
('T001', 'T002', 1),  -- T001 -> T002 (技术部)
('T001', 'T003', 2),  -- T001 -> T003 (研发组)
('T001', 'T004', 2),  -- T001 -> T004 (测试组)
('T001', 'T005', 1),  -- T001 -> T005 (销售部)
('T001', 'T006', 3),  -- T001 -> T006 (前端小组)
('T001', 'T007', 3),  -- T001 -> T007 (后端小组)
('T001', 'T008', 2),  -- T001 -> T008 (华东区)
('T001', 'T009', 2),  -- T001 -> T009 (华北区)

-- 技术部 T002 的关系
('T002', 'T002', 0),  -- T002 -> T002 (自身)
('T002', 'T003', 1),  -- T002 -> T003 (研发组)
('T002', 'T004', 1),  -- T002 -> T004 (测试组)
('T002', 'T006', 2),  -- T002 -> T006 (前端小组)
('T002', 'T007', 2),  -- T002 -> T007 (后端小组)

-- 研发组 T003 的关系
('T003', 'T003', 0),  -- T003 -> T003 (自身)
('T003', 'T006', 1),  -- T003 -> T006 (前端小组)
('T003', 'T007', 1),  -- T003 -> T007 (后端小组)

-- 测试组 T004 的关系
('T004', 'T004', 0),  -- T004 -> T004 (自身)

-- 销售部 T005 的关系
('T005', 'T005', 0),  -- T005 -> T005 (自身)
('T005', 'T008', 1),  -- T005 -> T008 (华东区)
('T005', 'T009', 1),  -- T005 -> T009 (华北区)

-- 前端小组 T006 的关系
('T006', 'T006', 0),  -- T006 -> T006 (自身)

-- 后端小组 T007 的关系
('T007', 'T007', 0),  -- T007 -> T007 (自身)

-- 华东区 T008 的关系
('T008', 'T008', 0),  -- T008 -> T008 (自身)

-- 华北区 T009 的关系
('T009', 'T009', 0);  -- T009 -> T009 (自身)

-- 14. 团队销售事实数据（用于验证父子维度查询）
-- 每个团队在不同日期的销售数据
INSERT INTO fact_team_sales (team_id, date_key, sales_amount, sales_count) VALUES
-- 总公司直接销售
('T001', 20240101, 50000.00, 5),
('T001', 20240102, 60000.00, 6),

-- 技术部销售（技术服务收入）
('T002', 20240101, 30000.00, 3),
('T002', 20240102, 35000.00, 4),

-- 研发组销售
('T003', 20240101, 10000.00, 2),
('T003', 20240102, 12000.00, 2),

-- 测试组销售
('T004', 20240101, 8000.00, 1),
('T004', 20240102, 9000.00, 1),

-- 销售部销售
('T005', 20240101, 100000.00, 20),
('T005', 20240102, 120000.00, 25),

-- 前端小组销售
('T006', 20240101, 5000.00, 1),
('T006', 20240102, 6000.00, 1),

-- 后端小组销售
('T007', 20240101, 7000.00, 1),
('T007', 20240102, 8000.00, 2),

-- 华东区销售
('T008', 20240101, 45000.00, 10),
('T008', 20240102, 55000.00, 12),

-- 华北区销售
('T009', 20240101, 40000.00, 8),
('T009', 20240102, 48000.00, 10);

-- ============================================
-- 嵌套维度测试数据 (Nested Dimension / Snowflake Schema)
-- ============================================

-- 15. 品类组维度数据（三级维度）
INSERT INTO dim_category_group (group_id, group_name, group_type, status) VALUES
('GRP001', '电子产品组', '高价值', 'ACTIVE'),
('GRP002', '日用品组', '快消品', 'ACTIVE'),
('GRP003', '服装配饰组', '时尚', 'ACTIVE');

-- 16. 品类维度数据（二级维度，关联品类组）
INSERT INTO dim_category_nested (category_id, category_name, category_level, group_key, status) VALUES
('CAT001', '数码电器', 1, 1, 'ACTIVE'),
('CAT002', '手机通讯', 2, 1, 'ACTIVE'),
('CAT003', '电脑办公', 2, 1, 'ACTIVE'),
('CAT004', '家居用品', 1, 2, 'ACTIVE'),
('CAT005', '厨房用品', 2, 2, 'ACTIVE'),
('CAT006', '男装', 1, 3, 'ACTIVE'),
('CAT007', '女装', 1, 3, 'ACTIVE');

-- 17. 嵌套产品维度数据（一级维度，关联品类）
INSERT INTO dim_product_nested (product_id, product_name, brand, category_key, unit_price, status) VALUES
('NP001', 'iPhone 15 Pro', 'Apple', 2, 8999.00, 'ACTIVE'),
('NP002', '华为 Mate 60', '华为', 2, 6999.00, 'ACTIVE'),
('NP003', 'MacBook Pro 14', 'Apple', 3, 14999.00, 'ACTIVE'),
('NP004', '联想 ThinkPad', '联想', 3, 7999.00, 'ACTIVE'),
('NP005', '不锈钢炒锅', '苏泊尔', 5, 299.00, 'ACTIVE'),
('NP006', '电饭煲', '美的', 5, 499.00, 'ACTIVE'),
('NP007', '休闲T恤', '优衣库', 6, 99.00, 'ACTIVE'),
('NP008', '牛仔裤', 'Levis', 6, 599.00, 'ACTIVE'),
('NP009', '连衣裙', 'ZARA', 7, 399.00, 'ACTIVE'),
('NP010', '风衣外套', 'MAX&Co.', 7, 1299.00, 'ACTIVE');

-- 18. 区域维度数据（二级维度）
INSERT INTO dim_region_nested (region_id, region_name, province, city, status) VALUES
('REG001', '华东区-杭州', '浙江省', '杭州市', 'ACTIVE'),
('REG002', '华东区-上海', '上海市', '上海市', 'ACTIVE'),
('REG003', '华北区-北京', '北京市', '北京市', 'ACTIVE'),
('REG004', '华南区-广州', '广东省', '广州市', 'ACTIVE'),
('REG005', '华南区-深圳', '广东省', '深圳市', 'ACTIVE');

-- 19. 嵌套门店维度数据（一级维度，关联区域）
INSERT INTO dim_store_nested (store_id, store_name, store_type, region_key, status) VALUES
('NS001', '杭州西湖旗舰店', '旗舰店', 1, 'ACTIVE'),
('NS002', '杭州滨江店', '标准店', 1, 'ACTIVE'),
('NS003', '上海南京路店', '旗舰店', 2, 'ACTIVE'),
('NS004', '北京王府井店', '旗舰店', 3, 'ACTIVE'),
('NS005', '广州天河店', '标准店', 4, 'ACTIVE'),
('NS006', '深圳华强北店', '标准店', 5, 'ACTIVE');

-- 20. 嵌套维度销售事实数据
INSERT INTO fact_sales_nested (date_key, product_key, store_key, quantity, sales_amount, cost_amount) VALUES
-- 2024-01-01 销售数据
(20240101, 1, 1, 2, 17998.00, 10800.00),   -- iPhone 15 Pro @ 杭州西湖店
(20240101, 2, 1, 1, 6999.00, 4200.00),     -- 华为 Mate 60 @ 杭州西湖店
(20240101, 3, 3, 1, 14999.00, 9000.00),    -- MacBook Pro @ 上海南京路店
(20240101, 5, 2, 5, 1495.00, 750.00),      -- 不锈钢炒锅 @ 杭州滨江店
(20240101, 7, 4, 10, 990.00, 400.00),      -- 休闲T恤 @ 北京王府井店
(20240101, 9, 5, 3, 1197.00, 600.00),      -- 连衣裙 @ 广州天河店

-- 2024-01-02 销售数据
(20240102, 1, 3, 3, 26997.00, 16200.00),   -- iPhone 15 Pro @ 上海南京路店
(20240102, 4, 4, 2, 15998.00, 9600.00),    -- ThinkPad @ 北京王府井店
(20240102, 6, 1, 4, 1996.00, 1000.00),     -- 电饭煲 @ 杭州西湖店
(20240102, 8, 6, 5, 2995.00, 1500.00),     -- 牛仔裤 @ 深圳华强北店
(20240102, 10, 5, 2, 2598.00, 1300.00),    -- 风衣外套 @ 广州天河店

-- 2024-01-03 销售数据
(20240103, 2, 4, 2, 13998.00, 8400.00),    -- 华为 Mate 60 @ 北京王府井店
(20240103, 3, 1, 1, 14999.00, 9000.00),    -- MacBook Pro @ 杭州西湖店
(20240103, 5, 5, 8, 2392.00, 1200.00),     -- 不锈钢炒锅 @ 广州天河店
(20240103, 7, 6, 15, 1485.00, 600.00),     -- 休闲T恤 @ 深圳华强北店
(20240103, 9, 2, 4, 1596.00, 800.00);      -- 连衣裙 @ 杭州滨江店

