module	source_id	source_fqcn	report_fqcn	runner	lane	variant_key	owner	discovered_test_nodes	runtime_deferred_containers	positive_sibling_execution_keys	disposition	rationale
addons/foggy-data-viewer	v934-src|108:addons/foggy-data-viewer/src/test/java/com/foggyframework/dataviewer/controller/ViewerApiControllerTest.java	com.foggyframework.dataviewer.controller.ViewerApiControllerTest	com.foggyframework.dataviewer.controller.ViewerApiControllerTest	surefire	unit	unit	addons/foggy-data-viewer	0	0	v934|8:surefire|4:unit|4:unit|79:com.foggyframework.dataviewer.controller.ViewerApiControllerTest$QueryDataTests,v934|8:surefire|4:unit|4:unit|81:com.foggyframework.dataviewer.controller.ViewerApiControllerTest$QueryDirectTests,v934|8:surefire|4:unit|4:unit|82:com.foggyframework.dataviewer.controller.ViewerApiControllerTest$GetQueryMetaTests,v934|8:surefire|4:unit|4:unit|82:com.foggyframework.dataviewer.controller.ViewerApiControllerTest$QueryMembersTests	reviewed-structural-container	outer ClassSource has zero direct nodes and is represented by positive nested sibling reports
addons/foggy-data-viewer	v934-src|98:addons/foggy-data-viewer/src/test/java/com/foggyframework/dataviewer/mcp/OpenInViewerToolTest.java	com.foggyframework.dataviewer.mcp.OpenInViewerToolTest	com.foggyframework.dataviewer.mcp.OpenInViewerToolTest	surefire	unit	unit	addons/foggy-data-viewer	0	0	v934|8:surefire|4:unit|4:unit|68:com.foggyframework.dataviewer.mcp.OpenInViewerToolTest$MetadataTests,v934|8:surefire|4:unit|4:unit|69:com.foggyframework.dataviewer.mcp.OpenInViewerToolTest$ExecutionTests,v934|8:surefire|4:unit|4:unit|76:com.foggyframework.dataviewer.mcp.OpenInViewerToolTest$StreamingSupportTests	reviewed-structural-container	outer ClassSource has zero direct nodes and is represented by positive nested sibling reports
addons/foggy-data-viewer	v934-src|111:addons/foggy-data-viewer/src/test/java/com/foggyframework/dataviewer/plugins/LargeResultTruncationStepTest.java	com.foggyframework.dataviewer.plugins.LargeResultTruncationStepTest	com.foggyframework.dataviewer.plugins.LargeResultTruncationStepTest	surefire	unit	unit	addons/foggy-data-viewer	0	0	v934|8:surefire|4:unit|4:unit|81:com.foggyframework.dataviewer.plugins.LargeResultTruncationStepTest$EdgeCaseTests,v934|8:surefire|4:unit|4:unit|84:com.foggyframework.dataviewer.plugins.LargeResultTruncationStepTest$NonMcpQueryTests,v934|8:surefire|4:unit|4:unit|87:com.foggyframework.dataviewer.plugins.LargeResultTruncationStepTest$AboveThresholdTests,v934|8:surefire|4:unit|4:unit|87:com.foggyframework.dataviewer.plugins.LargeResultTruncationStepTest$BelowThresholdTests	reviewed-structural-container	outer ClassSource has zero direct nodes and is represented by positive nested sibling reports
addons/foggy-data-viewer	v934-src|103:addons/foggy-data-viewer/src/test/java/com/foggyframework/dataviewer/service/ListPresetServiceTest.java	com.foggyframework.dataviewer.service.ListPresetServiceTest	com.foggyframework.dataviewer.service.ListPresetServiceTest	surefire	unit	unit	addons/foggy-data-viewer	0	0	v934|8:surefire|4:unit|4:unit|74:com.foggyframework.dataviewer.service.ListPresetServiceTest$FileStoreTests	reviewed-structural-container	outer ClassSource has zero direct nodes and is represented by positive nested sibling reports
addons/foggy-data-viewer	v934-src|103:addons/foggy-data-viewer/src/test/java/com/foggyframework/dataviewer/service/QueryCacheServiceTest.java	com.foggyframework.dataviewer.service.QueryCacheServiceTest	com.foggyframework.dataviewer.service.QueryCacheServiceTest	surefire	unit	unit	addons/foggy-data-viewer	0	0	v934|8:surefire|4:unit|4:unit|73:com.foggyframework.dataviewer.service.QueryCacheServiceTest$GetQueryTests,v934|8:surefire|4:unit|4:unit|75:com.foggyframework.dataviewer.service.QueryCacheServiceTest$CacheQueryTests,v934|8:surefire|4:unit|4:unit|82:com.foggyframework.dataviewer.service.QueryCacheServiceTest$QueryIdGenerationTests,v934|8:surefire|4:unit|4:unit|86:com.foggyframework.dataviewer.service.QueryCacheServiceTest$TableConfigGenerationTests,v934|8:surefire|4:unit|4:unit|88:com.foggyframework.dataviewer.service.QueryCacheServiceTest$UpdateEstimatedRowCountTests	reviewed-structural-container	outer ClassSource has zero direct nodes and is represented by positive nested sibling reports
addons/foggy-data-viewer	v934-src|113:addons/foggy-data-viewer/src/test/java/com/foggyframework/dataviewer/service/QueryScopeConstraintServiceTest.java	com.foggyframework.dataviewer.service.QueryScopeConstraintServiceTest	com.foggyframework.dataviewer.service.QueryScopeConstraintServiceTest	surefire	unit	unit	addons/foggy-data-viewer	0	0	v934|8:surefire|4:unit|4:unit|90:com.foggyframework.dataviewer.service.QueryScopeConstraintServiceTest$EnabledDisabledTests,v934|8:surefire|4:unit|4:unit|90:com.foggyframework.dataviewer.service.QueryScopeConstraintServiceTest$SliceValidationTests,v934|8:surefire|4:unit|4:unit|94:com.foggyframework.dataviewer.service.QueryScopeConstraintServiceTest$DateRangeConstraintTests,v934|8:surefire|4:unit|4:unit|94:com.foggyframework.dataviewer.service.QueryScopeConstraintServiceTest$ModelSpecificConfigTests	reviewed-structural-container	outer ClassSource has zero direct nodes and is represented by positive nested sibling reports
foggy-dataset	v934-src|87:foggy-dataset/src/test/java/com/foggyframework/dataset/db/dialect/DateTruncateTest.java	com.foggyframework.dataset.db.dialect.DateTruncateTest	com.foggyframework.dataset.db.dialect.DateTruncateTest	surefire	unit	unit	foggy-dataset	0	0	v934|8:surefire|4:unit|4:unit|65:com.foggyframework.dataset.db.dialect.DateTruncateTest$MysqlTests,v934|8:surefire|4:unit|4:unit|66:com.foggyframework.dataset.db.dialect.DateTruncateTest$SqliteTests,v934|8:surefire|4:unit|4:unit|68:com.foggyframework.dataset.db.dialect.DateTruncateTest$PostgresTests,v934|8:surefire|4:unit|4:unit|69:com.foggyframework.dataset.db.dialect.DateTruncateTest$SqlServerTests,v934|8:surefire|4:unit|4:unit|72:com.foggyframework.dataset.db.dialect.DateTruncateTest$CrossDialectTests	reviewed-structural-container	outer ClassSource has zero direct nodes and is represented by positive nested sibling reports
foggy-dataset-mcp	v934-src|101:foggy-dataset-mcp/src/test/java/com/foggyframework/dataset/mcp/controller/AdminMcpControllerTest.java	com.foggyframework.dataset.mcp.controller.AdminMcpControllerTest	com.foggyframework.dataset.mcp.controller.AdminMcpControllerTest	surefire	unit	unit	foggy-dataset-mcp	0	0	v934|8:surefire|4:unit|4:unit|73:com.foggyframework.dataset.mcp.controller.AdminMcpControllerTest$PingTest,v934|8:surefire|4:unit|4:unit|78:com.foggyframework.dataset.mcp.controller.AdminMcpControllerTest$ToolsCallTest,v934|8:surefire|4:unit|4:unit|78:com.foggyframework.dataset.mcp.controller.AdminMcpControllerTest$ToolsListTest,v934|8:surefire|4:unit|4:unit|79:com.foggyframework.dataset.mcp.controller.AdminMcpControllerTest$InitializeTest,v934|8:surefire|4:unit|4:unit|82:com.foggyframework.dataset.mcp.controller.AdminMcpControllerTest$InvalidMethodTest,v934|8:surefire|4:unit|4:unit|82:com.foggyframework.dataset.mcp.controller.AdminMcpControllerTest$RequestHeaderTest,v934|8:surefire|4:unit|4:unit|83:com.foggyframework.dataset.mcp.controller.AdminMcpControllerTest$DirectToolCallTest,v934|8:surefire|4:unit|4:unit|86:com.foggyframework.dataset.mcp.controller.AdminMcpControllerTest$ExceptionHandlingTest	reviewed-structural-container	outer ClassSource has zero direct nodes and is represented by positive nested sibling reports
foggy-dataset-mcp	v934-src|103:foggy-dataset-mcp/src/test/java/com/foggyframework/dataset/mcp/controller/AnalystMcpControllerTest.java	com.foggyframework.dataset.mcp.controller.AnalystMcpControllerTest	com.foggyframework.dataset.mcp.controller.AnalystMcpControllerTest	surefire	unit	unit	foggy-dataset-mcp	0	0	v934|8:surefire|4:unit|4:unit|80:com.foggyframework.dataset.mcp.controller.AnalystMcpControllerTest$ToolsCallTest,v934|8:surefire|4:unit|4:unit|80:com.foggyframework.dataset.mcp.controller.AnalystMcpControllerTest$ToolsListTest,v934|8:surefire|4:unit|4:unit|81:com.foggyframework.dataset.mcp.controller.AnalystMcpControllerTest$ExportToolTest,v934|8:surefire|4:unit|4:unit|81:com.foggyframework.dataset.mcp.controller.AnalystMcpControllerTest$InitializeTest	reviewed-structural-container	outer ClassSource has zero direct nodes and is represented by positive nested sibling reports
foggy-dataset-mcp	v934-src|104:foggy-dataset-mcp/src/test/java/com/foggyframework/dataset/mcp/controller/BusinessMcpControllerTest.java	com.foggyframework.dataset.mcp.controller.BusinessMcpControllerTest	com.foggyframework.dataset.mcp.controller.BusinessMcpControllerTest	surefire	unit	unit	foggy-dataset-mcp	0	0	v934|8:surefire|4:unit|4:unit|81:com.foggyframework.dataset.mcp.controller.BusinessMcpControllerTest$ToolsCallTest,v934|8:surefire|4:unit|4:unit|81:com.foggyframework.dataset.mcp.controller.BusinessMcpControllerTest$ToolsListTest,v934|8:surefire|4:unit|4:unit|82:com.foggyframework.dataset.mcp.controller.BusinessMcpControllerTest$InitializeTest	reviewed-structural-container	outer ClassSource has zero direct nodes and is represented by positive nested sibling reports
foggy-dataset-mcp	v934-src|90:foggy-dataset-mcp/src/test/java/com/foggyframework/dataset/mcp/service/McpServiceTest.java	com.foggyframework.dataset.mcp.service.McpServiceTest	com.foggyframework.dataset.mcp.service.McpServiceTest	surefire	unit	unit	foggy-dataset-mcp	0	0	v934|8:surefire|4:unit|4:unit|68:com.foggyframework.dataset.mcp.service.McpServiceTest$HandlePingTest,v934|8:surefire|4:unit|4:unit|73:com.foggyframework.dataset.mcp.service.McpServiceTest$HandleToolsCallTest,v934|8:surefire|4:unit|4:unit|73:com.foggyframework.dataset.mcp.service.McpServiceTest$HandleToolsListTest,v934|8:surefire|4:unit|4:unit|74:com.foggyframework.dataset.mcp.service.McpServiceTest$HandleInitializeTest,v934|8:surefire|4:unit|4:unit|78:com.foggyframework.dataset.mcp.service.McpServiceTest$HandleDirectToolCallTest	reviewed-structural-container	outer ClassSource has zero direct nodes and is represented by positive nested sibling reports
foggy-dataset-mcp	v934-src|97:foggy-dataset-mcp/src/test/java/com/foggyframework/dataset/mcp/service/McpToolDispatcherTest.java	com.foggyframework.dataset.mcp.service.McpToolDispatcherTest	com.foggyframework.dataset.mcp.service.McpToolDispatcherTest	surefire	unit	unit	foggy-dataset-mcp	0	0	v934|8:surefire|4:unit|4:unit|69:com.foggyframework.dataset.mcp.service.McpToolDispatcherTest$InitTest,v934|8:surefire|4:unit|4:unit|72:com.foggyframework.dataset.mcp.service.McpToolDispatcherTest$GetToolTest,v934|8:surefire|4:unit|4:unit|76:com.foggyframework.dataset.mcp.service.McpToolDispatcherTest$ExecuteToolTest,v934|8:surefire|4:unit|4:unit|76:com.foggyframework.dataset.mcp.service.McpToolDispatcherTest$GetAllToolsTest,v934|8:surefire|4:unit|4:unit|83:com.foggyframework.dataset.mcp.service.McpToolDispatcherTest$GetToolDefinitionsTest,v934|8:surefire|4:unit|4:unit|84:com.foggyframework.dataset.mcp.service.McpToolDispatcherTest$ExecuteWithProgressTest	reviewed-structural-container	outer ClassSource has zero direct nodes and is represented by positive nested sibling reports
foggy-dataset-mcp	v934-src|97:foggy-dataset-mcp/src/test/java/com/foggyframework/dataset/mcp/service/ToolFilterServiceTest.java	com.foggyframework.dataset.mcp.service.ToolFilterServiceTest	com.foggyframework.dataset.mcp.service.ToolFilterServiceTest	surefire	unit	unit	foggy-dataset-mcp	0	0	v934|8:surefire|4:unit|4:unit|73:com.foggyframework.dataset.mcp.service.ToolFilterServiceTest$EdgeCaseTest,v934|8:surefire|4:unit|4:unit|78:com.foggyframework.dataset.mcp.service.ToolFilterServiceTest$CanAccessToolTest,v934|8:surefire|4:unit|4:unit|82:com.foggyframework.dataset.mcp.service.ToolFilterServiceTest$FilterToolsByRoleTest,v934|8:surefire|4:unit|4:unit|85:com.foggyframework.dataset.mcp.service.ToolFilterServiceTest$GetAllowedCategoriesTest,v934|8:surefire|4:unit|4:unit|92:com.foggyframework.dataset.mcp.service.ToolFilterServiceTest$FilterToolDefinitionsByRoleTest	reviewed-structural-container	outer ClassSource has zero direct nodes and is represented by positive nested sibling reports
foggy-dataset-mcp	v934-src|87:foggy-dataset-mcp/src/test/java/com/foggyframework/dataset/mcp/tools/ChartToolTest.java	com.foggyframework.dataset.mcp.tools.ChartToolTest	com.foggyframework.dataset.mcp.tools.ChartToolTest	surefire	unit	unit	foggy-dataset-mcp	0	0	v934|8:surefire|4:unit|4:unit|67:com.foggyframework.dataset.mcp.tools.ChartToolTest$ExecuteErrorTest,v934|8:surefire|4:unit|4:unit|69:com.foggyframework.dataset.mcp.tools.ChartToolTest$ExecuteSuccessTest,v934|8:surefire|4:unit|4:unit|70:com.foggyframework.dataset.mcp.tools.ChartToolTest$BasicPropertiesTest,v934|8:surefire|4:unit|4:unit|74:com.foggyframework.dataset.mcp.tools.ChartToolTest$ExecuteWithProgressTest,v934|8:surefire|4:unit|4:unit|74:com.foggyframework.dataset.mcp.tools.ChartToolTest$ParameterValidationTest	reviewed-structural-container	outer ClassSource has zero direct nodes and is represented by positive nested sibling reports
foggy-dataset-mcp	v934-src|95:foggy-dataset-mcp/src/test/java/com/foggyframework/dataset/mcp/tools/ComposeScriptToolTest.java	com.foggyframework.dataset.mcp.tools.ComposeScriptToolTest	com.foggyframework.dataset.mcp.tools.ComposeScriptToolTest	surefire	unit	unit	foggy-dataset-mcp	0	0	v934|8:surefire|4:unit|4:unit|78:com.foggyframework.dataset.mcp.tools.ComposeScriptToolTest$BasicPropertiesTest,v934|8:surefire|4:unit|4:unit|78:com.foggyframework.dataset.mcp.tools.ComposeScriptToolTest$InputValidationTest,v934|8:surefire|4:unit|4:unit|78:com.foggyframework.dataset.mcp.tools.ComposeScriptToolTest$ResolverFactoryTest,v934|8:surefire|4:unit|4:unit|80:com.foggyframework.dataset.mcp.tools.ComposeScriptToolTest$ErrorPhaseMappingTest	reviewed-structural-container	outer ClassSource has zero direct nodes and is represented by positive nested sibling reports
foggy-dataset-mcp	v934-src|97:foggy-dataset-mcp/src/test/java/com/foggyframework/dataset/mcp/tools/ExportWithChartToolTest.java	com.foggyframework.dataset.mcp.tools.ExportWithChartToolTest	com.foggyframework.dataset.mcp.tools.ExportWithChartToolTest	surefire	unit	unit	foggy-dataset-mcp	0	0	v934|8:surefire|4:unit|4:unit|77:com.foggyframework.dataset.mcp.tools.ExportWithChartToolTest$ExecuteErrorTest,v934|8:surefire|4:unit|4:unit|79:com.foggyframework.dataset.mcp.tools.ExportWithChartToolTest$DataExtractionTest,v934|8:surefire|4:unit|4:unit|79:com.foggyframework.dataset.mcp.tools.ExportWithChartToolTest$ExecuteSuccessTest,v934|8:surefire|4:unit|4:unit|80:com.foggyframework.dataset.mcp.tools.ExportWithChartToolTest$BasicPropertiesTest,v934|8:surefire|4:unit|4:unit|84:com.foggyframework.dataset.mcp.tools.ExportWithChartToolTest$ExecuteWithProgressTest	reviewed-structural-container	outer ClassSource has zero direct nodes and is represented by positive nested sibling reports
foggy-dataset-mcp	v934-src|92:foggy-dataset-mcp/src/test/java/com/foggyframework/dataset/mcp/tools/ListModelsToolTest.java	com.foggyframework.dataset.mcp.tools.ListModelsToolTest	com.foggyframework.dataset.mcp.tools.ListModelsToolTest	surefire	unit	unit	foggy-dataset-mcp	0	0	v934|8:surefire|4:unit|4:unit|74:com.foggyframework.dataset.mcp.tools.ListModelsToolTest$ExecuteSuccessTest,v934|8:surefire|4:unit|4:unit|75:com.foggyframework.dataset.mcp.tools.ListModelsToolTest$BasicPropertiesTest	reviewed-structural-container	outer ClassSource has zero direct nodes and is represented by positive nested sibling reports
foggy-dataset-mcp	v934-src|90:foggy-dataset-mcp/src/test/java/com/foggyframework/dataset/mcp/tools/MetadataToolTest.java	com.foggyframework.dataset.mcp.tools.MetadataToolTest	com.foggyframework.dataset.mcp.tools.MetadataToolTest	surefire	unit	unit	foggy-dataset-mcp	0	0	v934|8:surefire|4:unit|4:unit|67:com.foggyframework.dataset.mcp.tools.MetadataToolTest$NamespaceTest,v934|8:surefire|4:unit|4:unit|68:com.foggyframework.dataset.mcp.tools.MetadataToolTest$AccessModeTest,v934|8:surefire|4:unit|4:unit|70:com.foggyframework.dataset.mcp.tools.MetadataToolTest$ExecuteErrorTest,v934|8:surefire|4:unit|4:unit|72:com.foggyframework.dataset.mcp.tools.MetadataToolTest$ExecuteSuccessTest,v934|8:surefire|4:unit|4:unit|72:com.foggyframework.dataset.mcp.tools.MetadataToolTest$ResponseFormatTest,v934|8:surefire|4:unit|4:unit|73:com.foggyframework.dataset.mcp.tools.MetadataToolTest$BasicPropertiesTest	reviewed-structural-container	outer ClassSource has zero direct nodes and is represented by positive nested sibling reports
foggy-dataset-mcp	v934-src|102:foggy-dataset-mcp/src/test/java/com/foggyframework/dataset/mcp/tools/NaturalLanguageQueryToolTest.java	com.foggyframework.dataset.mcp.tools.NaturalLanguageQueryToolTest	com.foggyframework.dataset.mcp.tools.NaturalLanguageQueryToolTest	surefire	unit	unit	foggy-dataset-mcp	0	0	v934|8:surefire|4:unit|4:unit|82:com.foggyframework.dataset.mcp.tools.NaturalLanguageQueryToolTest$ExecuteErrorTest,v934|8:surefire|4:unit|4:unit|84:com.foggyframework.dataset.mcp.tools.NaturalLanguageQueryToolTest$ExecuteSuccessTest,v934|8:surefire|4:unit|4:unit|85:com.foggyframework.dataset.mcp.tools.NaturalLanguageQueryToolTest$BasicPropertiesTest,v934|8:surefire|4:unit|4:unit|85:com.foggyframework.dataset.mcp.tools.NaturalLanguageQueryToolTest$RequestBuildingTest,v934|8:surefire|4:unit|4:unit|89:com.foggyframework.dataset.mcp.tools.NaturalLanguageQueryToolTest$ExecuteWithProgressTest	reviewed-structural-container	outer ClassSource has zero direct nodes and is represented by positive nested sibling reports
foggy-dataset-mcp	v934-src|92:foggy-dataset-mcp/src/test/java/com/foggyframework/dataset/mcp/tools/QueryModelToolTest.java	com.foggyframework.dataset.mcp.tools.QueryModelToolTest	com.foggyframework.dataset.mcp.tools.QueryModelToolTest	surefire	unit	unit	foggy-dataset-mcp	0	0	v934|8:surefire|4:unit|4:unit|69:com.foggyframework.dataset.mcp.tools.QueryModelToolTest$NamespaceTest,v934|8:surefire|4:unit|4:unit|72:com.foggyframework.dataset.mcp.tools.QueryModelToolTest$ExecuteErrorTest,v934|8:surefire|4:unit|4:unit|74:com.foggyframework.dataset.mcp.tools.QueryModelToolTest$ExecuteSuccessTest,v934|8:surefire|4:unit|4:unit|75:com.foggyframework.dataset.mcp.tools.QueryModelToolTest$BasicPropertiesTest,v934|8:surefire|4:unit|4:unit|79:com.foggyframework.dataset.mcp.tools.QueryModelToolTest$ParameterValidationTest	reviewed-structural-container	outer ClassSource has zero direct nodes and is represented by positive nested sibling reports
foggy-dataset-model	v934-src|131:foggy-dataset-model/src/test/java/com/foggyframework/dataset/db/model/def/query/request/deserializer/ShorthandDeserializerTest.java	com.foggyframework.dataset.db.model.def.query.request.deserializer.ShorthandDeserializerTest	com.foggyframework.dataset.db.model.def.query.request.deserializer.ShorthandDeserializerTest	surefire	unit	unit	foggy-dataset-model	0	0	v934|8:surefire|4:unit|4:unit|111:com.foggyframework.dataset.db.model.def.query.request.deserializer.ShorthandDeserializerTest$SliceShorthandTest,v934|8:surefire|4:unit|4:unit|113:com.foggyframework.dataset.db.model.def.query.request.deserializer.ShorthandDeserializerTest$GroupByShorthandTest,v934|8:surefire|4:unit|4:unit|113:com.foggyframework.dataset.db.model.def.query.request.deserializer.ShorthandDeserializerTest$OrderByShorthandTest	reviewed-structural-container	outer ClassSource has zero direct nodes and is represented by positive nested sibling reports
foggy-dataset-model	v934-src|111:foggy-dataset-model/src/test/java/com/foggyframework/dataset/db/model/dialect/DialectBuildFunctionCallTest.java	com.foggyframework.dataset.db.model.dialect.DialectBuildFunctionCallTest	com.foggyframework.dataset.db.model.dialect.DialectBuildFunctionCallTest	surefire	unit	unit	foggy-dataset-model	0	0	v934|8:surefire|4:unit|4:unit|82:com.foggyframework.dataset.db.model.dialect.DialectBuildFunctionCallTest$MysqlTest,v934|8:surefire|4:unit|4:unit|83:com.foggyframework.dataset.db.model.dialect.DialectBuildFunctionCallTest$SqliteTest,v934|8:surefire|4:unit|4:unit|85:com.foggyframework.dataset.db.model.dialect.DialectBuildFunctionCallTest$EdgeCaseTest,v934|8:surefire|4:unit|4:unit|85:com.foggyframework.dataset.db.model.dialect.DialectBuildFunctionCallTest$PostgresTest,v934|8:surefire|4:unit|4:unit|86:com.foggyframework.dataset.db.model.dialect.DialectBuildFunctionCallTest$SqlServerTest	reviewed-structural-container	outer ClassSource has zero direct nodes and is represented by positive nested sibling reports
foggy-dataset-model	v934-src|113:foggy-dataset-model/src/test/java/com/foggyframework/dataset/db/model/dialect/DialectFunctionTranslationTest.java	com.foggyframework.dataset.db.model.dialect.DialectFunctionTranslationTest	com.foggyframework.dataset.db.model.dialect.DialectFunctionTranslationTest	surefire	unit	unit	foggy-dataset-model	0	0	v934|8:surefire|4:unit|4:unit|92:com.foggyframework.dataset.db.model.dialect.DialectFunctionTranslationTest$MysqlFunctionTest,v934|8:surefire|4:unit|4:unit|93:com.foggyframework.dataset.db.model.dialect.DialectFunctionTranslationTest$CommonEdgeCaseTest,v934|8:surefire|4:unit|4:unit|93:com.foggyframework.dataset.db.model.dialect.DialectFunctionTranslationTest$SqliteFunctionTest,v934|8:surefire|4:unit|4:unit|95:com.foggyframework.dataset.db.model.dialect.DialectFunctionTranslationTest$PostgresFunctionTest,v934|8:surefire|4:unit|4:unit|96:com.foggyframework.dataset.db.model.dialect.DialectFunctionTranslationTest$SqlServerFunctionTest	reviewed-structural-container	outer ClassSource has zero direct nodes and is represented by positive nested sibling reports
foggy-dataset-model	v934-src|94:foggy-dataset-model/src/test/java/com/foggyframework/dataset/db/model/dialect/DialectTest.java	com.foggyframework.dataset.db.model.dialect.DialectTest	com.foggyframework.dataset.db.model.dialect.DialectTest	surefire	unit	unit	foggy-dataset-model	0	0	v934|8:surefire|4:unit|4:unit|72:com.foggyframework.dataset.db.model.dialect.DialectTest$MysqlDialectTest,v934|8:surefire|4:unit|4:unit|73:com.foggyframework.dataset.db.model.dialect.DialectTest$CommonDialectTest,v934|8:surefire|4:unit|4:unit|73:com.foggyframework.dataset.db.model.dialect.DialectTest$SqliteDialectTest,v934|8:surefire|4:unit|4:unit|75:com.foggyframework.dataset.db.model.dialect.DialectTest$PostgresDialectTest,v934|8:surefire|4:unit|4:unit|76:com.foggyframework.dataset.db.model.dialect.DialectTest$SqlServerDialectTest	reviewed-structural-container	outer ClassSource has zero direct nodes and is represented by positive nested sibling reports
foggy-dataset-model	v934-src|108:foggy-dataset-model/src/test/java/com/foggyframework/dataset/db/model/ecommerce/FieldAccessPermissionIT.java	com.foggyframework.dataset.db.model.ecommerce.FieldAccessPermissionIT	com.foggyframework.dataset.db.model.ecommerce.FieldAccessPermissionIT	failsafe	sqlite-broad-integration	sqlite-broad	foggy-dataset-model	0	0	v934|8:failsafe|24:sqlite-broad-integration|12:sqlite-broad|106:com.foggyframework.dataset.db.model.ecommerce.FieldAccessPermissionIT$ModelPermissionAndDeniedColumnsTests,v934|8:failsafe|24:sqlite-broad-integration|12:sqlite-broad|83:com.foggyframework.dataset.db.model.ecommerce.FieldAccessPermissionIT$EdgeCaseTests,v934|8:failsafe|24:sqlite-broad-integration|12:sqlite-broad|86:com.foggyframework.dataset.db.model.ecommerce.FieldAccessPermissionIT$DeniedFieldTests,v934|8:failsafe|24:sqlite-broad-integration|12:sqlite-broad|87:com.foggyframework.dataset.db.model.ecommerce.FieldAccessPermissionIT$AllowedFieldTests,v934|8:failsafe|24:sqlite-broad-integration|12:sqlite-broad|90:com.foggyframework.dataset.db.model.ecommerce.FieldAccessPermissionIT$CalculatedFieldTests,v934|8:failsafe|24:sqlite-broad-integration|12:sqlite-broad|93:com.foggyframework.dataset.db.model.ecommerce.FieldAccessPermissionIT$BackwardCompatibleTests	reviewed-structural-container	outer ClassSource has zero direct nodes and is represented by positive nested sibling reports
foggy-dataset-model	v934-src|108:foggy-dataset-model/src/test/java/com/foggyframework/dataset/db/model/ecommerce/PhysicalColumnMappingIT.java	com.foggyframework.dataset.db.model.ecommerce.PhysicalColumnMappingIT	com.foggyframework.dataset.db.model.ecommerce.PhysicalColumnMappingIT	failsafe	sqlite-broad-integration	sqlite-broad	foggy-dataset-model	0	0	v934|8:failsafe|24:sqlite-broad-integration|12:sqlite-broad|84:com.foggyframework.dataset.db.model.ecommerce.PhysicalColumnMappingIT$BasicStructure,v934|8:failsafe|24:sqlite-broad-integration|12:sqlite-broad|84:com.foggyframework.dataset.db.model.ecommerce.PhysicalColumnMappingIT$MeasureMapping,v934|8:failsafe|24:sqlite-broad-integration|12:sqlite-broad|86:com.foggyframework.dataset.db.model.ecommerce.PhysicalColumnMappingIT$DeniedConversion,v934|8:failsafe|24:sqlite-broad-integration|12:sqlite-broad|86:com.foggyframework.dataset.db.model.ecommerce.PhysicalColumnMappingIT$DimensionMapping,v934|8:failsafe|24:sqlite-broad-integration|12:sqlite-broad|92:com.foggyframework.dataset.db.model.ecommerce.PhysicalColumnMappingIT$NestedDimensionMapping,v934|8:failsafe|24:sqlite-broad-integration|12:sqlite-broad|94:com.foggyframework.dataset.db.model.ecommerce.PhysicalColumnMappingIT$DimensionPropertyMapping,v934|8:failsafe|24:sqlite-broad-integration|12:sqlite-broad|97:com.foggyframework.dataset.db.model.ecommerce.PhysicalColumnMappingIT$ParentChildDimensionMapping	reviewed-structural-container	outer ClassSource has zero direct nodes and is represented by positive nested sibling reports
foggy-dataset-model	v934-src|111:foggy-dataset-model/src/test/java/com/foggyframework/dataset/db/model/ecommerce/PhysicalColumnPermissionIT.java	com.foggyframework.dataset.db.model.ecommerce.PhysicalColumnPermissionIT	com.foggyframework.dataset.db.model.ecommerce.PhysicalColumnPermissionIT	failsafe	sqlite-broad-integration	sqlite-broad	foggy-dataset-model	0	0	v934|8:failsafe|24:sqlite-broad-integration|12:sqlite-broad|100:com.foggyframework.dataset.db.model.ecommerce.PhysicalColumnPermissionIT$DeniedColumnNotInQueryTests,v934|8:failsafe|24:sqlite-broad-integration|12:sqlite-broad|101:com.foggyframework.dataset.db.model.ecommerce.PhysicalColumnPermissionIT$DeniedColumnBlocksQueryTests,v934|8:failsafe|24:sqlite-broad-integration|12:sqlite-broad|91:com.foggyframework.dataset.db.model.ecommerce.PhysicalColumnPermissionIT$NoRestrictionTests,v934|8:failsafe|24:sqlite-broad-integration|12:sqlite-broad|92:com.foggyframework.dataset.db.model.ecommerce.PhysicalColumnPermissionIT$SchemaMatchingTests,v934|8:failsafe|24:sqlite-broad-integration|12:sqlite-broad|96:com.foggyframework.dataset.db.model.ecommerce.PhysicalColumnPermissionIT$InvalidDeniedEntryTests,v934|8:failsafe|24:sqlite-broad-integration|12:sqlite-broad|99:com.foggyframework.dataset.db.model.ecommerce.PhysicalColumnPermissionIT$MultipleDeniedColumnsTests	reviewed-structural-container	outer ClassSource has zero direct nodes and is represented by positive nested sibling reports
foggy-dataset-model	v934-src|131:foggy-dataset-model/src/test/java/com/foggyframework/dataset/db/model/engine/compose/authority/AuthorityResolutionPipelineTest.java	com.foggyframework.dataset.db.model.engine.compose.authority.AuthorityResolutionPipelineTest	com.foggyframework.dataset.db.model.engine.compose.authority.AuthorityResolutionPipelineTest	surefire	unit	unit	foggy-dataset-model	0	0	v934|8:surefire|4:unit|4:unit|103:com.foggyframework.dataset.db.model.engine.compose.authority.AuthorityResolutionPipelineTest$MultiModel,v934|8:surefire|4:unit|4:unit|104:com.foggyframework.dataset.db.model.engine.compose.authority.AuthorityResolutionPipelineTest$ReturnShape,v934|8:surefire|4:unit|4:unit|104:com.foggyframework.dataset.db.model.engine.compose.authority.AuthorityResolutionPipelineTest$SingleModel,v934|8:surefire|4:unit|4:unit|104:com.foggyframework.dataset.db.model.engine.compose.authority.AuthorityResolutionPipelineTest$StaticShape,v934|8:surefire|4:unit|4:unit|106:com.foggyframework.dataset.db.model.engine.compose.authority.AuthorityResolutionPipelineTest$ErrorPhaseTag,v934|8:surefire|4:unit|4:unit|113:com.foggyframework.dataset.db.model.engine.compose.authority.AuthorityResolutionPipelineTest$FailClosedNoResolver,v934|8:surefire|4:unit|4:unit|116:com.foggyframework.dataset.db.model.engine.compose.authority.AuthorityResolutionPipelineTest$FailClosedResponseShape,v934|8:surefire|4:unit|4:unit|117:com.foggyframework.dataset.db.model.engine.compose.authority.AuthorityResolutionPipelineTest$FailClosedResolverRaises,v934|8:surefire|4:unit|4:unit|121:com.foggyframework.dataset.db.model.engine.compose.authority.AuthorityResolutionPipelineTest$ModelInfoProviderIntegration	reviewed-structural-container	outer ClassSource has zero direct nodes and is represented by positive nested sibling reports
foggy-dataset-model	v934-src|126:foggy-dataset-model/src/test/java/com/foggyframework/dataset/db/model/engine/compose/authority/BaseModelPlanCollectorTest.java	com.foggyframework.dataset.db.model.engine.compose.authority.BaseModelPlanCollectorTest	com.foggyframework.dataset.db.model.engine.compose.authority.BaseModelPlanCollectorTest	surefire	unit	unit	foggy-dataset-model	0	0	v934|8:surefire|4:unit|4:unit|103:com.foggyframework.dataset.db.model.engine.compose.authority.BaseModelPlanCollectorTest$CollectFromJoin,v934|8:surefire|4:unit|4:unit|104:com.foggyframework.dataset.db.model.engine.compose.authority.BaseModelPlanCollectorTest$CollectFromUnion,v934|8:surefire|4:unit|4:unit|107:com.foggyframework.dataset.db.model.engine.compose.authority.BaseModelPlanCollectorTest$CollectFromDeepTree,v934|8:surefire|4:unit|4:unit|112:com.foggyframework.dataset.db.model.engine.compose.authority.BaseModelPlanCollectorTest$CollectFromBaseOrDerived,v934|8:surefire|4:unit|4:unit|98:com.foggyframework.dataset.db.model.engine.compose.authority.BaseModelPlanCollectorTest$FailClosed,v934|8:surefire|4:unit|4:unit|99:com.foggyframework.dataset.db.model.engine.compose.authority.BaseModelPlanCollectorTest$ReturnShape	reviewed-structural-container	outer ClassSource has zero direct nodes and is represented by positive nested sibling reports
foggy-dataset-model	v934-src|122:foggy-dataset-model/src/test/java/com/foggyframework/dataset/db/model/engine/compose/authority/FieldAccessApplierTest.java	com.foggyframework.dataset.db.model.engine.compose.authority.FieldAccessApplierTest	com.foggyframework.dataset.db.model.engine.compose.authority.FieldAccessApplierTest	surefire	unit	unit	foggy-dataset-model	0	0	v934|8:surefire|4:unit|4:unit|100:com.foggyframework.dataset.db.model.engine.compose.authority.FieldAccessApplierTest$EmptyInputSchema,v934|8:surefire|4:unit|4:unit|100:com.foggyframework.dataset.db.model.engine.compose.authority.FieldAccessApplierTest$FieldAccessEmpty,v934|8:surefire|4:unit|4:unit|115:com.foggyframework.dataset.db.model.engine.compose.authority.FieldAccessApplierTest$IndependentOfOtherBindingFields,v934|8:surefire|4:unit|4:unit|93:com.foggyframework.dataset.db.model.engine.compose.authority.FieldAccessApplierTest$BadInputs,v934|8:surefire|4:unit|4:unit|93:com.foggyframework.dataset.db.model.engine.compose.authority.FieldAccessApplierTest$Whitelist,v934|8:surefire|4:unit|4:unit|99:com.foggyframework.dataset.db.model.engine.compose.authority.FieldAccessApplierTest$FieldAccessNull	reviewed-structural-container	outer ClassSource has zero direct nodes and is represented by positive nested sibling reports
foggy-dataset-model	v934-src|122:foggy-dataset-model/src/test/java/com/foggyframework/dataset/db/model/engine/compose/compilation/FluentApiCompileTest.java	com.foggyframework.dataset.db.model.engine.compose.compilation.FluentApiCompileTest	com.foggyframework.dataset.db.model.engine.compose.compilation.FluentApiCompileTest	surefire	unit	unit	foggy-dataset-model	0	0	v934|8:surefire|4:unit|4:unit|102:com.foggyframework.dataset.db.model.engine.compose.compilation.FluentApiCompileTest$IntermediateStages,v934|8:surefire|4:unit|4:unit|103:com.foggyframework.dataset.db.model.engine.compose.compilation.FluentApiCompileTest$QueryFactoryCompile,v934|8:surefire|4:unit|4:unit|103:com.foggyframework.dataset.db.model.engine.compose.compilation.FluentApiCompileTest$TwoStageAggregation,v934|8:surefire|4:unit|4:unit|105:com.foggyframework.dataset.db.model.engine.compose.compilation.FluentApiCompileTest$FluentJoinCompilation,v934|8:surefire|4:unit|4:unit|106:com.foggyframework.dataset.db.model.engine.compose.compilation.FluentApiCompileTest$WindowFrameCompilation,v934|8:surefire|4:unit|4:unit|110:com.foggyframework.dataset.db.model.engine.compose.compilation.FluentApiCompileTest$ProjectedColumnExpressions	reviewed-structural-container	outer ClassSource has zero direct nodes and is represented by positive nested sibling reports
foggy-dataset-model	v934-src|132:foggy-dataset-model/src/test/java/com/foggyframework/dataset/db/model/engine/compose/compilation/PlanAwareCompileExpressionTest.java	com.foggyframework.dataset.db.model.engine.compose.compilation.PlanAwareCompileExpressionTest	com.foggyframework.dataset.db.model.engine.compose.compilation.PlanAwareCompileExpressionTest	surefire	unit	unit	foggy-dataset-model	0	0	v934|8:surefire|4:unit|4:unit|110:com.foggyframework.dataset.db.model.engine.compose.compilation.PlanAwareCompileExpressionTest$LegacyOrEmptyMap,v934|8:surefire|4:unit|4:unit|111:com.foggyframework.dataset.db.model.engine.compose.compilation.PlanAwareCompileExpressionTest$FlagOffIgnoresMap,v934|8:surefire|4:unit|4:unit|114:com.foggyframework.dataset.db.model.engine.compose.compilation.PlanAwareCompileExpressionTest$FlagOnAliasQualified	reviewed-structural-container	outer ClassSource has zero direct nodes and is represented by positive nested sibling reports
foggy-dataset-model	v934-src|112:foggy-dataset-model/src/test/java/com/foggyframework/dataset/db/model/engine/compose/plan/BaseModelPlanTest.java	com.foggyframework.dataset.db.model.engine.compose.plan.BaseModelPlanTest	com.foggyframework.dataset.db.model.engine.compose.plan.BaseModelPlanTest	surefire	unit	unit	foggy-dataset-model	0	0	v934|8:surefire|4:unit|4:unit|102:com.foggyframework.dataset.db.model.engine.compose.plan.BaseModelPlanTest$ExecuteAndToSqlWithoutBundle,v934|8:surefire|4:unit|4:unit|82:com.foggyframework.dataset.db.model.engine.compose.plan.BaseModelPlanTest$TreeWalk,v934|8:surefire|4:unit|4:unit|85:com.foggyframework.dataset.db.model.engine.compose.plan.BaseModelPlanTest$IsQueryPlan,v934|8:surefire|4:unit|4:unit|86:com.foggyframework.dataset.db.model.engine.compose.plan.BaseModelPlanTest$Construction,v934|8:surefire|4:unit|4:unit|86:com.foggyframework.dataset.db.model.engine.compose.plan.BaseModelPlanTest$Immutability	reviewed-structural-container	outer ClassSource has zero direct nodes and is represented by positive nested sibling reports
foggy-dataset-model	v934-src|123:foggy-dataset-model/src/test/java/com/foggyframework/dataset/db/model/engine/compose/plan/ColumnObjectNormalizerF5Test.java	com.foggyframework.dataset.db.model.engine.compose.plan.ColumnObjectNormalizerF5Test	com.foggyframework.dataset.db.model.engine.compose.plan.ColumnObjectNormalizerF5Test	surefire	unit	unit	foggy-dataset-model	0	0	v934|8:surefire|4:unit|4:unit|110:com.foggyframework.dataset.db.model.engine.compose.plan.ColumnObjectNormalizerF5Test$LegacyStringPathRejection,v934|8:surefire|4:unit|4:unit|94:com.foggyframework.dataset.db.model.engine.compose.plan.ColumnObjectNormalizerF5Test$HappyPath,v934|8:surefire|4:unit|4:unit|95:com.foggyframework.dataset.db.model.engine.compose.plan.ColumnObjectNormalizerF5Test$Validation	reviewed-structural-container	outer ClassSource has zero direct nodes and is represented by positive nested sibling reports
foggy-dataset-model	v934-src|115:foggy-dataset-model/src/test/java/com/foggyframework/dataset/db/model/engine/compose/plan/DerivedQueryPlanTest.java	com.foggyframework.dataset.db.model.engine.compose.plan.DerivedQueryPlanTest	com.foggyframework.dataset.db.model.engine.compose.plan.DerivedQueryPlanTest	surefire	unit	unit	foggy-dataset-model	0	0	v934|8:surefire|4:unit|4:unit|102:com.foggyframework.dataset.db.model.engine.compose.plan.DerivedQueryPlanTest$ExecuteToSqlWithoutBundle,v934|8:surefire|4:unit|4:unit|85:com.foggyframework.dataset.db.model.engine.compose.plan.DerivedQueryPlanTest$TreeWalk,v934|8:surefire|4:unit|4:unit|87:com.foggyframework.dataset.db.model.engine.compose.plan.DerivedQueryPlanTest$IsInstance,v934|8:surefire|4:unit|4:unit|89:com.foggyframework.dataset.db.model.engine.compose.plan.DerivedQueryPlanTest$Construction,v934|8:surefire|4:unit|4:unit|89:com.foggyframework.dataset.db.model.engine.compose.plan.DerivedQueryPlanTest$Immutability,v934|8:surefire|4:unit|4:unit|92:com.foggyframework.dataset.db.model.engine.compose.plan.DerivedQueryPlanTest$ChainQuerySugar	reviewed-structural-container	outer ClassSource has zero direct nodes and is represented by positive nested sibling reports
foggy-dataset-model	v934-src|108:foggy-dataset-model/src/test/java/com/foggyframework/dataset/db/model/engine/compose/plan/FluentApiTest.java	com.foggyframework.dataset.db.model.engine.compose.plan.FluentApiTest	com.foggyframework.dataset.db.model.engine.compose.plan.FluentApiTest	surefire	unit	unit	foggy-dataset-model	0	0	v934|8:surefire|4:unit|4:unit|83:com.foggyframework.dataset.db.model.engine.compose.plan.FluentApiTest$EndToEndTests,v934|8:surefire|4:unit|4:unit|86:com.foggyframework.dataset.db.model.engine.compose.plan.FluentApiTest$JoinBuilderTests,v934|8:surefire|4:unit|4:unit|87:com.foggyframework.dataset.db.model.engine.compose.plan.FluentApiTest$QueryFactoryTests,v934|8:surefire|4:unit|4:unit|88:com.foggyframework.dataset.db.model.engine.compose.plan.FluentApiTest$FluentBuilderTests,v934|8:surefire|4:unit|4:unit|88:com.foggyframework.dataset.db.model.engine.compose.plan.FluentApiTest$PlanColumnRefTests,v934|8:surefire|4:unit|4:unit|89:com.foggyframework.dataset.db.model.engine.compose.plan.FluentApiTest$PropertyHolderTests,v934|8:surefire|4:unit|4:unit|89:com.foggyframework.dataset.db.model.engine.compose.plan.FluentApiTest$WindowFunctionTests,v934|8:surefire|4:unit|4:unit|90:com.foggyframework.dataset.db.model.engine.compose.plan.FluentApiTest$AggregateColumnTests	reviewed-structural-container	outer ClassSource has zero direct nodes and is represented by positive nested sibling reports
foggy-dataset-model	v934-src|108:foggy-dataset-model/src/test/java/com/foggyframework/dataset/db/model/engine/compose/plan/FromEntryTest.java	com.foggyframework.dataset.db.model.engine.compose.plan.FromEntryTest	com.foggyframework.dataset.db.model.engine.compose.plan.FromEntryTest	surefire	unit	unit	foggy-dataset-model	0	0	v934|8:surefire|4:unit|4:unit|85:com.foggyframework.dataset.db.model.engine.compose.plan.FromEntryTest$ShapeValidation,v934|8:surefire|4:unit|4:unit|87:com.foggyframework.dataset.db.model.engine.compose.plan.FromEntryTest$KernelEquivalence,v934|8:surefire|4:unit|4:unit|95:com.foggyframework.dataset.db.model.engine.compose.plan.FromEntryTest$OptionalFieldsPropagation,v934|8:surefire|4:unit|4:unit|96:com.foggyframework.dataset.db.model.engine.compose.plan.FromEntryTest$ModelSourceMutualExclusion	reviewed-structural-container	outer ClassSource has zero direct nodes and is represented by positive nested sibling reports
foggy-dataset-model	v934-src|107:foggy-dataset-model/src/test/java/com/foggyframework/dataset/db/model/engine/compose/plan/JoinPlanTest.java	com.foggyframework.dataset.db.model.engine.compose.plan.JoinPlanTest	com.foggyframework.dataset.db.model.engine.compose.plan.JoinPlanTest	surefire	unit	unit	foggy-dataset-model	0	0	v934|8:surefire|4:unit|4:unit|74:com.foggyframework.dataset.db.model.engine.compose.plan.JoinPlanTest$Chain,v934|8:surefire|4:unit|4:unit|77:com.foggyframework.dataset.db.model.engine.compose.plan.JoinPlanTest$TreeWalk,v934|8:surefire|4:unit|4:unit|79:com.foggyframework.dataset.db.model.engine.compose.plan.JoinPlanTest$IsInstance,v934|8:surefire|4:unit|4:unit|80:com.foggyframework.dataset.db.model.engine.compose.plan.JoinPlanTest$JoinOnTests,v934|8:surefire|4:unit|4:unit|81:com.foggyframework.dataset.db.model.engine.compose.plan.JoinPlanTest$Construction	reviewed-structural-container	outer ClassSource has zero direct nodes and is represented by positive nested sibling reports
foggy-dataset-model	v934-src|114:foggy-dataset-model/src/test/java/com/foggyframework/dataset/db/model/engine/compose/plan/PlanCompositionTest.java	com.foggyframework.dataset.db.model.engine.compose.plan.PlanCompositionTest	com.foggyframework.dataset.db.model.engine.compose.plan.PlanCompositionTest	surefire	unit	unit	foggy-dataset-model	0	0	v934|8:surefire|4:unit|4:unit|102:com.foggyframework.dataset.db.model.engine.compose.plan.PlanCompositionTest$SpecExample3JoinThenFilter,v934|8:surefire|4:unit|4:unit|106:com.foggyframework.dataset.db.model.engine.compose.plan.PlanCompositionTest$SpecExample2UnionThenAggregate,v934|8:surefire|4:unit|4:unit|107:com.foggyframework.dataset.db.model.engine.compose.plan.PlanCompositionTest$SpecExample1TwoStageAggregation,v934|8:surefire|4:unit|4:unit|91:com.foggyframework.dataset.db.model.engine.compose.plan.PlanCompositionTest$LayerCWhitelist,v934|8:surefire|4:unit|4:unit|96:com.foggyframework.dataset.db.model.engine.compose.plan.PlanCompositionTest$MultiLevelDerivation,v934|8:surefire|4:unit|4:unit|98:com.foggyframework.dataset.db.model.engine.compose.plan.PlanCompositionTest$BaseModelPlansPreorder	reviewed-structural-container	outer ClassSource has zero direct nodes and is represented by positive nested sibling reports
foggy-dataset-model	v934-src|105:foggy-dataset-model/src/test/java/com/foggyframework/dataset/db/model/engine/compose/plan/PlanIdTest.java	com.foggyframework.dataset.db.model.engine.compose.plan.PlanIdTest	com.foggyframework.dataset.db.model.engine.compose.plan.PlanIdTest	surefire	unit	unit	foggy-dataset-model	0	0	v934|8:surefire|4:unit|4:unit|75:com.foggyframework.dataset.db.model.engine.compose.plan.PlanIdTest$Equality,v934|8:surefire|4:unit|4:unit|77:com.foggyframework.dataset.db.model.engine.compose.plan.PlanIdTest$GcBehavior,v934|8:surefire|4:unit|4:unit|79:com.foggyframework.dataset.db.model.engine.compose.plan.PlanIdTest$HashContract,v934|8:surefire|4:unit|4:unit|88:com.foggyframework.dataset.db.model.engine.compose.plan.PlanIdTest$TransientSemanticsDoc	reviewed-structural-container	outer ClassSource has zero direct nodes and is represented by positive nested sibling reports
foggy-dataset-model	v934-src|118:foggy-dataset-model/src/test/java/com/foggyframework/dataset/db/model/engine/compose/plan/QueryPlanVisibilityTest.java	com.foggyframework.dataset.db.model.engine.compose.plan.QueryPlanVisibilityTest	com.foggyframework.dataset.db.model.engine.compose.plan.QueryPlanVisibilityTest	surefire	unit	unit	foggy-dataset-model	0	0	v934|8:surefire|4:unit|4:unit|102:com.foggyframework.dataset.db.model.engine.compose.plan.QueryPlanVisibilityTest$DerivedVisibilityCheck,v934|8:surefire|4:unit|4:unit|94:com.foggyframework.dataset.db.model.engine.compose.plan.QueryPlanVisibilityTest$CollectVisible,v934|8:surefire|4:unit|4:unit|99:com.foggyframework.dataset.db.model.engine.compose.plan.QueryPlanVisibilityTest$BaseVisibilityCheck	reviewed-structural-container	outer ClassSource has zero direct nodes and is represented by positive nested sibling reports
foggy-dataset-model	v934-src|117:foggy-dataset-model/src/test/java/com/foggyframework/dataset/db/model/engine/compose/plan/RelativeDateParserTest.java	com.foggyframework.dataset.db.model.engine.compose.plan.RelativeDateParserTest	com.foggyframework.dataset.db.model.engine.compose.plan.RelativeDateParserTest	surefire	unit	unit	foggy-dataset-model	0	0	v934|8:surefire|4:unit|4:unit|86:com.foggyframework.dataset.db.model.engine.compose.plan.RelativeDateParserTest$IsValid,v934|8:surefire|4:unit|4:unit|87:com.foggyframework.dataset.db.model.engine.compose.plan.RelativeDateParserTest$ParseNow,v934|8:surefire|4:unit|4:unit|90:com.foggyframework.dataset.db.model.engine.compose.plan.RelativeDateParserTest$ParseErrors,v934|8:surefire|4:unit|4:unit|92:com.foggyframework.dataset.db.model.engine.compose.plan.RelativeDateParserTest$ParseAbsolute,v934|8:surefire|4:unit|4:unit|92:com.foggyframework.dataset.db.model.engine.compose.plan.RelativeDateParserTest$ParseRelative	reviewed-structural-container	outer ClassSource has zero direct nodes and is represented by positive nested sibling reports
foggy-dataset-model	v934-src|112:foggy-dataset-model/src/test/java/com/foggyframework/dataset/db/model/engine/compose/plan/TimeWindowDefTest.java	com.foggyframework.dataset.db.model.engine.compose.plan.TimeWindowDefTest	com.foggyframework.dataset.db.model.engine.compose.plan.TimeWindowDefTest	surefire	unit	unit	foggy-dataset-model	0	0	v934|8:surefire|4:unit|4:unit|81:com.foggyframework.dataset.db.model.engine.compose.plan.TimeWindowDefTest$FromMap,v934|8:surefire|4:unit|4:unit|88:com.foggyframework.dataset.db.model.engine.compose.plan.TimeWindowDefTest$Classification,v934|8:surefire|4:unit|4:unit|91:com.foggyframework.dataset.db.model.engine.compose.plan.TimeWindowDefTest$RollingWindowSize,v934|8:surefire|4:unit|4:unit|95:com.foggyframework.dataset.db.model.engine.compose.plan.TimeWindowDefTest$ConstructorValidation	reviewed-structural-container	outer ClassSource has zero direct nodes and is represented by positive nested sibling reports
foggy-dataset-model	v934-src|117:foggy-dataset-model/src/test/java/com/foggyframework/dataset/db/model/engine/compose/plan/TimeWindowExpanderTest.java	com.foggyframework.dataset.db.model.engine.compose.plan.TimeWindowExpanderTest	com.foggyframework.dataset.db.model.engine.compose.plan.TimeWindowExpanderTest	surefire	unit	unit	foggy-dataset-model	0	0	v934|8:surefire|4:unit|4:unit|95:com.foggyframework.dataset.db.model.engine.compose.plan.TimeWindowExpanderTest$RollingExpansion,v934|8:surefire|4:unit|4:unit|98:com.foggyframework.dataset.db.model.engine.compose.plan.TimeWindowExpanderTest$CumulativeExpansion,v934|8:surefire|4:unit|4:unit|99:com.foggyframework.dataset.db.model.engine.compose.plan.TimeWindowExpanderTest$ComparativeExpansion	reviewed-structural-container	outer ClassSource has zero direct nodes and is represented by positive nested sibling reports
foggy-dataset-model	v934-src|118:foggy-dataset-model/src/test/java/com/foggyframework/dataset/db/model/engine/compose/plan/TimeWindowValidatorTest.java	com.foggyframework.dataset.db.model.engine.compose.plan.TimeWindowValidatorTest	com.foggyframework.dataset.db.model.engine.compose.plan.TimeWindowValidatorTest	surefire	unit	unit	foggy-dataset-model	0	0	v934|8:surefire|4:unit|4:unit|106:com.foggyframework.dataset.db.model.engine.compose.plan.TimeWindowValidatorTest$CalculatedFieldInteraction,v934|8:surefire|4:unit|4:unit|90:com.foggyframework.dataset.db.model.engine.compose.plan.TimeWindowValidatorTest$ErrorCodes,v934|8:surefire|4:unit|4:unit|90:com.foggyframework.dataset.db.model.engine.compose.plan.TimeWindowValidatorTest$HappyPaths	reviewed-structural-container	outer ClassSource has zero direct nodes and is represented by positive nested sibling reports
foggy-dataset-model	v934-src|108:foggy-dataset-model/src/test/java/com/foggyframework/dataset/db/model/engine/compose/plan/UnionPlanTest.java	com.foggyframework.dataset.db.model.engine.compose.plan.UnionPlanTest	com.foggyframework.dataset.db.model.engine.compose.plan.UnionPlanTest	surefire	unit	unit	foggy-dataset-model	0	0	v934|8:surefire|4:unit|4:unit|75:com.foggyframework.dataset.db.model.engine.compose.plan.UnionPlanTest$Chain,v934|8:surefire|4:unit|4:unit|78:com.foggyframework.dataset.db.model.engine.compose.plan.UnionPlanTest$Equality,v934|8:surefire|4:unit|4:unit|78:com.foggyframework.dataset.db.model.engine.compose.plan.UnionPlanTest$TreeWalk,v934|8:surefire|4:unit|4:unit|80:com.foggyframework.dataset.db.model.engine.compose.plan.UnionPlanTest$IsInstance,v934|8:surefire|4:unit|4:unit|82:com.foggyframework.dataset.db.model.engine.compose.plan.UnionPlanTest$Construction	reviewed-structural-container	outer ClassSource has zero direct nodes and is represented by positive nested sibling reports
foggy-dataset-model	v934-src|115:foggy-dataset-model/src/test/java/com/foggyframework/dataset/db/model/engine/compose/schema/AliasExtractorTest.java	com.foggyframework.dataset.db.model.engine.compose.schema.AliasExtractorTest	com.foggyframework.dataset.db.model.engine.compose.schema.AliasExtractorTest	surefire	unit	unit	foggy-dataset-model	0	0	v934|8:surefire|4:unit|4:unit|105:com.foggyframework.dataset.db.model.engine.compose.schema.AliasExtractorTest$AsInsideIdentifierNotMatched,v934|8:surefire|4:unit|4:unit|91:com.foggyframework.dataset.db.model.engine.compose.schema.AliasExtractorTest$ValueSemantics,v934|8:surefire|4:unit|4:unit|92:com.foggyframework.dataset.db.model.engine.compose.schema.AliasExtractorTest$AliasExtraction,v934|8:surefire|4:unit|4:unit|92:com.foggyframework.dataset.db.model.engine.compose.schema.AliasExtractorTest$BareColumnNames,v934|8:surefire|4:unit|4:unit|92:com.foggyframework.dataset.db.model.engine.compose.schema.AliasExtractorTest$MalformedInputs,v934|8:surefire|4:unit|4:unit|96:com.foggyframework.dataset.db.model.engine.compose.schema.AliasExtractorTest$FunctionExpressions	reviewed-structural-container	outer ClassSource has zero direct nodes and is represented by positive nested sibling reports
foggy-dataset-model	v934-src|125:foggy-dataset-model/src/test/java/com/foggyframework/dataset/db/model/engine/compose/schema/ColumnSpecPlanProvenanceTest.java	com.foggyframework.dataset.db.model.engine.compose.schema.ColumnSpecPlanProvenanceTest	com.foggyframework.dataset.db.model.engine.compose.schema.ColumnSpecPlanProvenanceTest	surefire	unit	unit	foggy-dataset-model	0	0	v934|8:surefire|4:unit|4:unit|104:com.foggyframework.dataset.db.model.engine.compose.schema.ColumnSpecPlanProvenanceTest$EqualityUnchanged,v934|8:surefire|4:unit|4:unit|110:com.foggyframework.dataset.db.model.engine.compose.schema.ColumnSpecPlanProvenanceTest$BuilderAcceptsNewFields,v934|8:surefire|4:unit|4:unit|112:com.foggyframework.dataset.db.model.engine.compose.schema.ColumnSpecPlanProvenanceTest$ToStringIncludesNewFields,v934|8:surefire|4:unit|4:unit|95:com.foggyframework.dataset.db.model.engine.compose.schema.ColumnSpecPlanProvenanceTest$Defaults	reviewed-structural-container	outer ClassSource has zero direct nodes and is represented by positive nested sibling reports
foggy-dataset-model	v934-src|122:foggy-dataset-model/src/test/java/com/foggyframework/dataset/db/model/engine/compose/schema/OutputSchemaLookupApiTest.java	com.foggyframework.dataset.db.model.engine.compose.schema.OutputSchemaLookupApiTest	com.foggyframework.dataset.db.model.engine.compose.schema.OutputSchemaLookupApiTest	surefire	unit	unit	foggy-dataset-model	0	0	v934|8:surefire|4:unit|4:unit|102:com.foggyframework.dataset.db.model.engine.compose.schema.OutputSchemaLookupApiTest$G10AmbiguousRegime,v934|8:surefire|4:unit|4:unit|108:com.foggyframework.dataset.db.model.engine.compose.schema.OutputSchemaLookupApiTest$LegacyDuplicateRejection,v934|8:surefire|4:unit|4:unit|96:com.foggyframework.dataset.db.model.engine.compose.schema.OutputSchemaLookupApiTest$NonAmbiguous	reviewed-structural-container	outer ClassSource has zero direct nodes and is represented by positive nested sibling reports
foggy-dataset-model	v934-src|113:foggy-dataset-model/src/test/java/com/foggyframework/dataset/db/model/engine/compose/schema/OutputSchemaTest.java	com.foggyframework.dataset.db.model.engine.compose.schema.OutputSchemaTest	com.foggyframework.dataset.db.model.engine.compose.schema.OutputSchemaTest	surefire	unit	unit	foggy-dataset-model	0	0	v934|8:surefire|4:unit|4:unit|84:com.foggyframework.dataset.db.model.engine.compose.schema.OutputSchemaTest$Accessors,v934|8:surefire|4:unit|4:unit|87:com.foggyframework.dataset.db.model.engine.compose.schema.OutputSchemaTest$Immutability,v934|8:surefire|4:unit|4:unit|95:com.foggyframework.dataset.db.model.engine.compose.schema.OutputSchemaTest$ColumnSpecInvariants,v934|8:surefire|4:unit|4:unit|99:com.foggyframework.dataset.db.model.engine.compose.schema.OutputSchemaTest$OutputSchemaConstruction	reviewed-structural-container	outer ClassSource has zero direct nodes and is represented by positive nested sibling reports
foggy-dataset-model	v934-src|124:foggy-dataset-model/src/test/java/com/foggyframework/dataset/db/model/engine/compose/schema/SchemaDerivationG10JoinTest.java	com.foggyframework.dataset.db.model.engine.compose.schema.SchemaDerivationG10JoinTest	com.foggyframework.dataset.db.model.engine.compose.schema.SchemaDerivationG10JoinTest	surefire	unit	unit	foggy-dataset-model	0	0	v934|8:surefire|4:unit|4:unit|95:com.foggyframework.dataset.db.model.engine.compose.schema.SchemaDerivationG10JoinTest$FlagOnG10,v934|8:surefire|4:unit|4:unit|99:com.foggyframework.dataset.db.model.engine.compose.schema.SchemaDerivationG10JoinTest$FlagOffLegacy	reviewed-structural-container	outer ClassSource has zero direct nodes and is represented by positive nested sibling reports
foggy-dataset-model	v934-src|117:foggy-dataset-model/src/test/java/com/foggyframework/dataset/db/model/engine/compose/schema/SchemaDerivationTest.java	com.foggyframework.dataset.db.model.engine.compose.schema.SchemaDerivationTest	com.foggyframework.dataset.db.model.engine.compose.schema.SchemaDerivationTest	surefire	unit	unit	foggy-dataset-model	0	0	v934|8:surefire|4:unit|4:unit|103:com.foggyframework.dataset.db.model.engine.compose.schema.SchemaDerivationTest$ReservedTokensAndScanner,v934|8:surefire|4:unit|4:unit|104:com.foggyframework.dataset.db.model.engine.compose.schema.SchemaDerivationTest$SpecExampleJoinThenFilter,v934|8:surefire|4:unit|4:unit|109:com.foggyframework.dataset.db.model.engine.compose.schema.SchemaDerivationTest$SpecExampleTwoStageAggregation,v934|8:surefire|4:unit|4:unit|89:com.foggyframework.dataset.db.model.engine.compose.schema.SchemaDerivationTest$JoinSchema,v934|8:surefire|4:unit|4:unit|90:com.foggyframework.dataset.db.model.engine.compose.schema.SchemaDerivationTest$UnionSchema,v934|8:surefire|4:unit|4:unit|94:com.foggyframework.dataset.db.model.engine.compose.schema.SchemaDerivationTest$BaseModelSchema,v934|8:surefire|4:unit|4:unit|97:com.foggyframework.dataset.db.model.engine.compose.schema.SchemaDerivationTest$DerivedQuerySchema	reviewed-structural-container	outer ClassSource has zero direct nodes and is represented by positive nested sibling reports
foggy-dataset-model	v934-src|138:foggy-dataset-model/src/test/java/com/foggyframework/dataset/db/model/engine/compose/security/ComposePlanAwarePermissionValidatorTest.java	com.foggyframework.dataset.db.model.engine.compose.security.ComposePlanAwarePermissionValidatorTest	com.foggyframework.dataset.db.model.engine.compose.security.ComposePlanAwarePermissionValidatorTest	surefire	unit	unit	foggy-dataset-model	0	0	v934|8:surefire|4:unit|4:unit|109:com.foggyframework.dataset.db.model.engine.compose.security.ComposePlanAwarePermissionValidatorTest$BareField,v934|8:surefire|4:unit|4:unit|113:com.foggyframework.dataset.db.model.engine.compose.security.ComposePlanAwarePermissionValidatorTest$PlanQualified,v934|8:surefire|4:unit|4:unit|114:com.foggyframework.dataset.db.model.engine.compose.security.ComposePlanAwarePermissionValidatorTest$ArgumentGuards,v934|8:surefire|4:unit|4:unit|130:com.foggyframework.dataset.db.model.engine.compose.security.ComposePlanAwarePermissionValidatorTest$RelationExpressionDependencies	reviewed-structural-container	outer ClassSource has zero direct nodes and is represented by positive nested sibling reports
foggy-dataset-model	v934-src|125:foggy-dataset-model/src/test/java/com/foggyframework/dataset/db/model/engine/compose/security/PlanFieldAccessContextTest.java	com.foggyframework.dataset.db.model.engine.compose.security.PlanFieldAccessContextTest	com.foggyframework.dataset.db.model.engine.compose.security.PlanFieldAccessContextTest	surefire	unit	unit	foggy-dataset-model	0	0	v934|8:surefire|4:unit|4:unit|104:com.foggyframework.dataset.db.model.engine.compose.security.PlanFieldAccessContextTest$RegistryBehaviour	reviewed-structural-container	outer ClassSource has zero direct nodes and is represented by positive nested sibling reports
foggy-dataset-model	v934-src|100:foggy-dataset-model/src/test/java/com/foggyframework/dataset/db/model/engine/join/JoinGraphTest.java	com.foggyframework.dataset.db.model.engine.join.JoinGraphTest	com.foggyframework.dataset.db.model.engine.join.JoinGraphTest	surefire	unit	unit	foggy-dataset-model	0	0	v934|8:surefire|4:unit|4:unit|72:com.foggyframework.dataset.db.model.engine.join.JoinGraphTest$BasicTests,v934|8:surefire|4:unit|4:unit|75:com.foggyframework.dataset.db.model.engine.join.JoinGraphTest$JoinEdgeTests,v934|8:surefire|4:unit|4:unit|76:com.foggyframework.dataset.db.model.engine.join.JoinGraphTest$PathCacheTests,v934|8:surefire|4:unit|4:unit|78:com.foggyframework.dataset.db.model.engine.join.JoinGraphTest$PathFindingTests,v934|8:surefire|4:unit|4:unit|81:com.foggyframework.dataset.db.model.engine.join.JoinGraphTest$CycleDetectionTests,v934|8:surefire|4:unit|4:unit|82:com.foggyframework.dataset.db.model.engine.join.JoinGraphTest$TopologicalSortTests	reviewed-structural-container	outer ClassSource has zero direct nodes and is represented by positive nested sibling reports
foggy-dataset-model	v934-src|128:foggy-dataset-model/src/test/java/com/foggyframework/dataset/db/model/expression/SqlCalculatedFieldProcessorWindowOrderTest.java	com.foggyframework.dataset.db.model.expression.SqlCalculatedFieldProcessorWindowOrderTest	com.foggyframework.dataset.db.model.expression.SqlCalculatedFieldProcessorWindowOrderTest	surefire	unit	unit	foggy-dataset-model	0	0	v934|8:surefire|4:unit|4:unit|108:com.foggyframework.dataset.db.model.expression.SqlCalculatedFieldProcessorWindowOrderTest$RawExpressionGuard,v934|8:surefire|4:unit|4:unit|110:com.foggyframework.dataset.db.model.expression.SqlCalculatedFieldProcessorWindowOrderTest$ErrorMessageContract	reviewed-structural-container	outer ClassSource has zero direct nodes and is represented by positive nested sibling reports
foggy-dataset-model	v934-src|112:foggy-dataset-model/src/test/java/com/foggyframework/dataset/db/model/odoo/QueryErrorPhysicalColumnLeakTest.java	com.foggyframework.dataset.db.model.odoo.QueryErrorPhysicalColumnLeakTest	com.foggyframework.dataset.db.model.odoo.QueryErrorPhysicalColumnLeakTest	surefire	unit	unit	foggy-dataset-model	0	0	v934|8:surefire|4:unit|4:unit|108:com.foggyframework.dataset.db.model.odoo.QueryErrorPhysicalColumnLeakTest$SchemaAwareFieldValidationRecovery,v934|8:surefire|4:unit|4:unit|91:com.foggyframework.dataset.db.model.odoo.QueryErrorPhysicalColumnLeakTest$SanitizerContract	reviewed-structural-container	outer ClassSource has zero direct nodes and is represented by positive nested sibling reports
foggy-dataset-model	v934-src|130:foggy-dataset-model/src/test/java/com/foggyframework/dataset/db/model/plugins/result_set_filter/SchemaAwareCalcFieldAliasTest.java	com.foggyframework.dataset.db.model.plugins.result_set_filter.SchemaAwareCalcFieldAliasTest	com.foggyframework.dataset.db.model.plugins.result_set_filter.SchemaAwareCalcFieldAliasTest	surefire	unit	unit	foggy-dataset-model	0	0	v934|8:surefire|4:unit|4:unit|105:com.foggyframework.dataset.db.model.plugins.result_set_filter.SchemaAwareCalcFieldAliasTest$StillRejected,v934|8:surefire|4:unit|4:unit|111:com.foggyframework.dataset.db.model.plugins.result_set_filter.SchemaAwareCalcFieldAliasTest$TimeWindowCalcAlias,v934|8:surefire|4:unit|4:unit|114:com.foggyframework.dataset.db.model.plugins.result_set_filter.SchemaAwareCalcFieldAliasTest$NonTimeWindowCalcAlias	reviewed-structural-container	outer ClassSource has zero direct nodes and is represented by positive nested sibling reports
foggy-dataset-model	v934-src|129:foggy-dataset-model/src/test/java/com/foggyframework/dataset/db/model/semantic/member/permission/SyntheticMemberPermissionIT.java	com.foggyframework.dataset.db.model.semantic.member.permission.SyntheticMemberPermissionIT	com.foggyframework.dataset.db.model.semantic.member.permission.SyntheticMemberPermissionIT	failsafe	sqlite-broad-integration	sqlite-broad	foggy-dataset-model	0	0	v934|8:failsafe|24:sqlite-broad-integration|12:sqlite-broad|102:com.foggyframework.dataset.db.model.semantic.member.permission.SyntheticMemberPermissionIT$LoaderTests,v934|8:failsafe|24:sqlite-broad-integration|12:sqlite-broad|104:com.foggyframework.dataset.db.model.semantic.member.permission.SyntheticMemberPermissionIT$RealDataTests,v934|8:failsafe|24:sqlite-broad-integration|12:sqlite-broad|107:com.foggyframework.dataset.db.model.semantic.member.permission.SyntheticMemberPermissionIT$QueryFacadeTests,v934|8:failsafe|24:sqlite-broad-integration|12:sqlite-broad|108:com.foggyframework.dataset.db.model.semantic.member.permission.SyntheticMemberPermissionIT$MergeRuleE2ETests	reviewed-structural-container	outer ClassSource has zero direct nodes and is represented by positive nested sibling reports
